url,content
https://0-36.ru,"
            Сайт недоступен
        "
https://0-bmw.ru,"
0-BMW.ru - Сайт об автомобилях BMW"
https://0-55.ru,0-55
https://0-99.ru,ÐÐ¾Ð¼ÐµÐ½ 0-99.RU Ð¿ÑÐ¾Ð´Ð°ÑÑÑÑ!
https://0-ede.ru,"
  0-ede.ru – О еде
"
https://0-chan.ru,1
https://0-chan.ru,2
https://0-chan.ru,3
https://0-chan.ru,4
https://0-18.ru,Вебинары и дистанционные курсы
https://0-50.ru,"Дыхательные тренажеры , зачем и каковы их отличия"
https://0-50.ru,"Дыхательные тренажеры , зачем и каковы их отличия"
https://0-50.ru,"Какая основная причина давления, инсульта? Как доступным способом уйти от проблем с сосудами и жить до глубокой старости?"
https://0-50.ru,Дыхательные тренажеры: для чего они и каковы их отличия?
https://0-50.ru,Пошив и продажа авточехлов для иномарок и отечественных автомобилей оптом и в розницу в Екатеринбурге
https://0-50.ru,Какие услуги можно получить по полису ОМС (обязательного медицинского страхования) бесплатно
https://0-50.ru,Телеканал «Дождь» запускает новую линейку программ и объявляет специальные цены на подписку для регионов России
https://0-50.ru,"На Урале рыболовы поймали и отпустили почти 7,5 тысячи форелей"
https://0-50.ru,ГИБДД предложила увеличить минимальный штраф за превышение скорости до 3000 рублей и отменить скидку
https://0-50.ru,РЭУ им. Г.В.Плеханова по результатам аудита получил категорию «5 звезд» в рейтинге QS STARS
https://0-50.ru,В Тюмени и Тобольске пройдёт отборочный этап Всероссийского конкурса детского и юношеского творчества «Земля талантов»
https://0-7-7.ru,"WIRELOCK
        Ð´Ð»Ñ ÑÑÐ°Ð»ÑÐ½ÑÑ ÐºÐ°Ð½Ð°ÑÐ¾Ð² Ð¸Ð· Ð½Ð°Ð»Ð¸ÑÐ¸Ñ Ð² Ð Ð¤"
https://0--5.ru,"
			  Видионаблюдение			  "
https://0-63.ru,ÐÐ¾Ð¼Ð¿ÑÑÑÐµÑÐ½ÑÐ¹ ÑÐµÑÐ²Ð¸ÑÐ½ÑÐ¹ ÑÐµÐ½ÑÑ
https://0-63.ru," ÐÐÐ""303"""
https://0-63.ru,Ð ÐµÐ¼Ð¾Ð½Ñ ÐºÐ¾Ð¼Ð¿ÑÑÑÐµÑÐ½Ð¾Ð¹ ÑÐµÑÐ½Ð¸ÐºÐ¸
https://0-cenka.ru,Оценка квартир от 2000 руб.
https://0-cenka.ru,Оценка для нотариуса от 500 руб.
https://0-cenka.ru,"Оценка бизнеса - акции, доли"
https://0-nds.ru,Закладки Мед в Заволжск
https://0-71.ru,"




"
https://0-n.ru,Домен 0-n.ru продается
https://0-potolok-0.ru,О компании
https://0--0-0.ru,Последние записи
https://0-web.ru,DLE SocialPosting v3.1
https://0-web.ru,DLE SocialPosting + MySQL 8 = Fix Error
https://0-web.ru,DLE SocialPosting (twitter) - Регистрация разработчика
https://0-web.ru,Slider for DLE v2.5
https://0-web.ru,Torrent UserInfo v3.3
https://0-web.ru,Torrent RSS v3.3
https://0-web.ru,DLE Socialposting - постинг не стандартно добавляемых новостей
https://0-web.ru,Torrent Browse v3.3
https://0-web.ru,UserList (Tracker) v3.3
https://0-web.ru,[Tracker for DLE] UserFiles v3.3
https://00-99.ru,Ежедневные загрузки
https://00-23.ru,Продукция интернет-магазина межкомнатных дверей
https://0-procentov.ru,14 лучших кредитных карт без процентов со снятием наличных на Сентябрь 2023
https://00000000.ru,Апартаменты «На площади Толстого»
https://000119.ru,"
					LEX EST QUODCUMQUE NOTAMUS -
НАПИСАННОЕ НОТАРИУСОМ - ЗАКОН
				"
https://0006.ru,0006.ru
https://000333.ru,+7(499) 653-96-03
https://000333.ru,Платная скорая медицинская помощь в Москве и области
https://000333.ru,Контакты 
https://0-tel.ru,
https://0-tel.ru,
https://000vostok.ru,"
					ВАШ УСПЕШНЫЙ БИЗНЕС - "
https://000vostok.ru,"
					НАШИ КОМПОНЕНТЫ "
https://000store.ru,Электросамокаты в Краснодаре.
https://00088.ru,Боковая панель
https://00088.ru,00088.ru Записи
https://000b.ru,Audi A3
https://000b.ru,Les organes de direction et les accueils de l'exploitation sure
https://000net.ru,"
Link Bilding 


Продажа обратных ссылок
Покупка обратных ссылок
Обмен обратными ссылками
Безопасная сделка
Актуальные предложения
Постоянно растущая база


"
https://000000.ru,Клиника ЭКО
https://000visma.ru,"
АНО ДПО ВИСМА
"
https://001122.ru,ÐÐµÐÑÑÐµÐ²ÑÐµ Ð»Ð¸ÑÑÑÑÐ´Ð¾Ð±Ð½ÑÐ¹ ÑÐµÑÐ²Ð¸Ñ  Ð´Ð»Ñ ÑÐ¾Ð·Ð´Ð°Ð½Ð¸Ñ  Ð¿ÑÑÐµÐ²ÑÑ Ð»Ð¸ÑÑÐ¾Ð²
https://00101.ru,Защита в сфере It Технологий
https://00112.ru,Ð¡ÑÐ°ÑÐ´Ð° ÐÐ°Ð·Ð¸Ð½Ð¾ (Starda Casino) Ð°ÐºÑÑÐ°Ð»ÑÐ½Ð¾Ðµ Ð·ÐµÑÐºÐ°Ð»Ð¾
https://001s.ru,Ð¡Ð¿Ð¸ÑÐ¾Ðº ÑÐ°Ð¹ÑÐ¾Ð²
https://000555.ru,"Магазин стройматериалов ""Три пятерки"""
https://00000000000000000.ru,Мебельные ткани и пленка ПВХ оптом
https://001nb.ru,Как Вы хотите оценить ноутбук
https://001nb.ru,Есть ненужный ноутбук? Получи реальные наличные за любые ноутбуки!
https://001nb.ru,Как Вы хотите оценить ноутбук
https://001st.ru,УГОЛЬ ОБОГРЕВАЕМЫЙ КОТЕЛ
https://001st.ru,БИОМАССА ПОЖАРНАЯ КОТЕЛ
https://001st.ru,ЦЕПНАЯ РЕШЕТКА КОТЕЛ
https://002spb.ru,"
Мойка 24 часа
Автомойка для автомобилей, внедорожников и микроавтобусов"
https://002spb.ru,"
                Чистый автомобиль избавит от ненужного внимания сотрудников ГАИ, увеличит долговечность лакокрасочного покрытия кузова.
                "
https://002spb.ru,"
                Полный прайс-лист на услуги автомойки, химчистки и полировки автомобилей.
                "
https://002spb.ru,"
Шиномонтаж 24 часа
Полный спектр услуг 24 часа в сутки в сфере шиномонтажа"
https://002spb.ru,"
                Бокс шиномонтажа от компании ""002"" онащен современным оборудованием и предлагает полный спектр услуг.
                "
https://002spb.ru,"
                Полный прайс-листсети шиномонтажных мастерских.
                "
https://002spb.ru,"
Кафе 002
Здесь можно вкусно и недорого поесть, пока ждете свой автомобиль"
https://002spb.ru,"
				Насладитесь завтраком, обедом или ужином в нашем кафе, где можно вкусно и дешево поесть, а также провести банкет. 
                "
https://002spb.ru,"
                Завтраки, салаты, супы, горячие и холодные блюда. Шашлык на мангале.
                "
https://002spb.ru,"
                Салаты
                "
https://002spb.ru,"
Супы
                "
https://002spb.ru,"
Горячее
                "
https://002spb.ru,"
Соусы и хлебная корзина
                "
https://002spb.ru,"
Магазин
Широкий ассортимент и всегда свежие продукты по низким ценам"
https://002spb.ru,"
                На территории нашего сервис-центра работает магазин, где вы можете купить необходимые продукты.
                "
https://002spb.ru,"Чтобы записаться на мойку или шиномонтаж звоните + 7 (911) 826-02-02, или заказать банкет в кафе позвоните по телефону + 7 (911) 185-02-02 или напишите письмо по электронной почте ali17091985@mail.ru"
https://003-stom.ru,"
					Наша стоматология
				"
https://000news.ru,"




"
https://0031.ru,ÐÐ¾Ð¼ÐµÐ½ 0031.RU Ð¿ÑÐ¾Ð´Ð°ÑÑÑÑ!
https://0036.ru,ÐÐ¾Ð¼ÐµÐ½ 0036.RU Ð¿ÑÐ¾Ð´Ð°ÑÑÑÑ!
https://003apteka.ru,В интернет-аптеке 003:
https://003ru.ru,Поиск клиник
https://00515.ru,
https://0050505.ru,"Душераздирающая история о том, как мы сходили выпить чашечку чая с тортиком в Гранд Отель Европа 18 августа 2017 года."
https://003c.ru,Интернет для предпринимателя
https://0052379.ru,"Сайт создан, но еще не запущен в работу"
https://001morozholod.ru,Ремонт холодильников на дому в Екатеринбурге
https://0062.ru,В корневой папке сайта нет индексного файла
https://0030.ru,Ветеринарная консультация онлайн
https://0061.ru,Создание сайтов по всей России
https://003-doc.ru,КУПИТЬ ВОДИТЕЛЬСКУЮ СПРАВКУ
https://007afm.ru,"Art Baz@ar
"
https://0069.ru,Главная страница
https://0079.ru,@THEMENECTAR
https://007-taxi.ru,Новости
https://007-taxi.ru,Советы туристу
https://007-taxi.ru,Статьи
https://007-taxi.ru,Природа
https://007-taxi.ru,Природа
https://007-taxi.ru,Советы туристу
https://007-taxi.ru,Видео
https://007-taxi.ru,ПОСЛЕДНИЕ СТАТЬИ
https://007-taxi.ru,Login
https://007-taxi.ru,Lost Password
https://00744.ru,"
            Привет!                    "
https://007hd.ru,Новые фильмы
https://007hd.ru,Описание нашего сайта
https://007copy.ru,Копицентр 007 - сеть копировальных центров в Санкт-Петербурге
https://007copy.ru,Услуги копицентра в Санкт-Петербурге в день обращения под любые задачи клиента
https://005mebel.ru,Интернет-магазин мебели 005mebel
https://007s.ru,
https://007s.ru,"
					Лучшие товары со всей вселенной!
Бесплатная доставка, быстрая оплата
"
https://007s.ru,Best price
https://006info.ru," 
Ваш прораб | Профессиональная ремонт Профессиональная ремонт

"
https://007master.ru,Вызов мастера в Санкт-Петербурге
https://007style.ru,Про стиль и шоппинг
https://007spa.ru,Салон эротической релаксации в Челябинске
https://007school.ru,Сетевой город Чувашская Республика
https://007-spa-salon.ru,Салон эротического массажа 007 Spa
https://001mm.ru,"
      ВЫЕЗДНАЯ ФРЕЗЕРОВКА КРУПНОГАБАРИТНЫХ ДЕТАЛЕЙ    "
https://007girls.ru,Популярні статті
https://007girls.ru,Актуально
https://007girls.ru,
https://007girls.ru,Нове
https://007advokat.ru,"15 лет 
Юридического опыта"
https://007advokat.ru,Евгений Геннадьевич
https://007dom.ru,Покердом
https://0080.ru,ÐÐ¾Ð¼ÐµÐ½ 0080.RU Ð¿ÑÐ¾Ð´Ð°ÑÑÑÑ!
https://008-area.ru,"Крупнеший ретрит центр «008-AREA»
Проведение ретритов и сатсангов в цивильных условиях у моря круглый год."
https://007zap.ru,Новые поступления
https://007remont.ru,ÐÑÐ¾Ð¼Ð¾ÐºÐ¾Ð´Ñ Ð¸ ÑÐºÐ¸Ð´ÐºÐ¸ Ð²ÑÐµÐ³Ð´Ð° Ð¿Ð¾Ð´ ÑÑÐºÐ¾Ð¹ Ð½Ð° aRockets!
https://007remont.ru,ÐÑÐ¾ Ð½Ð°Ñ Ð¿Ð¸ÑÑÑ!
https://007remont.ru,ÐÐÐ¨Ð ÐÐÐ Ð¢ÐÐÐ Ð«
https://007remont.ru,"ÐÑÐ¾Ð¼Ð¾ÐºÐ¾Ð´Ñ Ð² Ð¼Ð¾Ð±Ð¸Ð»ÑÐ½Ð¾Ð¼ ÑÐµÐ»ÐµÑÐ¾Ð½Ðµ, Ð¿Ð¾Ð¿ÑÐ¾Ð±ÑÐ¹ÑÐµ!"
https://007remont.ru,FAQ. ÐÐÐÐ ÐÐ¡Ð« Ð ÐÐ¢ÐÐÐ¢Ð«
https://0086.ru,ÐÐ¾Ð¼ÐµÐ½ 0086.RU Ð¿ÑÐ¾Ð´Ð°ÑÑÑÑ!
https://009lab.ru,Испытательная лаборатория ФГБУ ВНИИМС
https://007spb.ru,Единый Центр Услуг 007помогаем делом
https://007time.ru,ТОП почтовых и курьерских служб в России
https://008ru.ru,Сувениры и подарки оптом в интернет-магазине «Букет подарков»
https://008.ru,Справочник организаций Санкт-Петербурга и Ленинградской области
https://009prime.ru,"
            Хотите статьинвестором?
        "
https://009.ru,Интернет-магазин охотничьих товаров
https://00o0oo0o.ru,ÐÐ¾ÑÑÐ¸ Ð³Ð¾ÑÐ¾Ð²Ð¾!ÐÐ¾Ð¼ÐµÐ½  ÑÑÐ¿ÐµÑÐ½Ð¾ Ð¿ÑÐ¸Ð¿Ð°ÑÐºÐ¾Ð²Ð°Ð½ Ðº ÑÐ¾ÑÑÐ¸Ð½Ð³Ñ
https://00rf.ru,Продажа косметологического оборудования
https://01-info.ru,Сайт на реконструкции
https://01-pokrov.ru,"



"
https://010113ksk.ru,Nightscout
https://01005.ru,Справочник по SMD компонентам на русском языке
https://01005.ru,Оборудование
https://01010101.ru,"Оцифровка видео, аудио, фото"
https://01-alternativa.ru,"
ПОЖАРНАЯСИГНАЛИЗАЦИЯУСТАНОВКА.
                                      ОБСЛУЖИВАНИЕ
"
https://01-alternativa.ru,"
ТЕЛЕФОН ГОРЯЧЕЙ
                                      ЛИНИИ

8 (961) 143-43-53





8 (48242) 3-78-00




Тверская область , г. Конаково
"
https://01-alternativa.ru,"
КОНСУЛЬТАЦИЯ. ВЫЕЗД
                                  ИНЖЕНЕРА БЕСПЛАТНО
"
https://01-alternativa.ru,"
БЕЗ ШТРАФОВ ОТ
                                                      МЧС!РЕШЕНИЕ ВСЕХ ПРОБЛЕМС
                                                    МОНТАЖЕМ И
                                                    ОБСЛУЖИВАНИЕМПОЖАРНОЙ
                                                    СИГНАЛИЗАЦИИ
"
https://01-alternativa.ru,"
Получить ЛУЧШЕЕ ПРЕДЛОЖЕНИЕ!За ответы на 6 простых
                                    вопросов
"
https://01-alternativa.ru,"
УдостоверениеПТМ
"
https://01-alternativa.ru,"
ПОДАРОКЗАКАЖИТЕ СЕЙЧАС УСТАНОВКУ
                                              ПОЖАРНОЙ
                                              СИГНАЛИЗАЦИИи ВЫБЕРЕТЕ ПОДАРОК
"
https://01-alternativa.ru,"
ПланЭвакуации
"
https://01-alternativa.ru,"
ГАРАНТИЯ ЛУЧШЕЙ ЦЕНЫ!Мы делаем дешевле - минус 10% от рыночной
                                    цены
"
https://01-alternativa.ru,"
ЗВОНИТЕ   

8 (961) 143-43-53  
                                        


8 (48242) 3-78-00




"
https://01-alternativa.ru,"
НАС ВЫБИРАЮТ
"
https://01-alternativa.ru,"
Большой опыт монтажа и
                            обслуживанияПОЖАРНОЙ
                            СИГНАЛИЗАЦИИ для:
"
https://01-alternativa.ru,"
АКЦИЯ!ОБСЛУЖИВАНИЕПОЖАРНОЙ
                                                СИГНАЛИЗАЦИИна Ваших
                                                условиях!
"
https://01-alternativa.ru,"
ЗВОНИТЕ 


8 (961) 143-43-53
"
https://01-msk.ru,МАГАЗИН 01 ПОЖАРНОГО ОБОРУДОВАНИЯ В МОСКВЕ
https://0101a.ru,"Демонтаж и вывоз старых,Модулей пожаротушенияБесплатно!"
https://0101a.ru,"Информируем вас, наши услуги лицензированы!"
https://010-bus.ru,ЗАКАЗ МИКРОАВТОБУСА
https://01-magazin.ru,Противопожарные двери в Москве
https://010school.ru,"Matomba.ru - квиз отключен, не сохранен или не существует!"
https://01-serv.ru,01-СЕРВИС
https://0123456789.ru,что может быть проще?
https://01337.ru,"Free XMPP Service for secure unmonitored communications.
                "
https://01337.ru,Available Registration Domains
https://01337.ru,Bitcoin Donate
https://0123movie.ru,Free Watch Movies Online!
https://01092015.ru,"
           Отзывы о сайтах с Проститутками - Лучшие Рейтинги!        "
https://015ars.ru,"
							ÐÐ¥Ð ÐÐÐÐÐ¯ ÐÐ ÐÐÐÐÐÐÐ¦ÐÐ¯Â«ÐÐ Ð¡Â»
						"
https://0190.ru,ÐÐ¾Ð¼ÐµÐ½ 0190.RU Ð¿ÑÐ¾Ð´Ð°ÑÑÑÑ!
https://01072016.ru,"Интернет-магазин электронных сигарет, вейпов и жидкостей в Москве"
https://012340.ru,"


"
https://01228.ru,"
									Nextcloud								"
https://012.ru,
https://012.ru,"ERROR

"
https://012.ru,Website Enabled
https://0194.ru,ÐÐ¾Ð¼Ð¾ÑÑ Ð² Ð¿ÑÐ¾Ð´Ð°Ð¶Ðµ Ð°Ð²ÑÐ¾Ð¼Ð¾Ð±Ð¸Ð»Ñ â ÐÐ¾Ð²Ð¾ÑÐ¸Ð±Ð¸ÑÑÐº Ð¸ ÐÐ¡Ð
https://01161.ru,"
	Пожарное оборудование в Ростове	"
https://0199.ru,ÐÐ¾Ð¼ÐµÐ½ 0199.RU Ð¿ÑÐ¾Ð´Ð°ÑÑÑÑ!
https://01ai.ru,Выжмите максимум с одной ссылки
https://01aps.ru,Установка комплексных систем пожарной безопасности от 1 дня  с гарантией 5 лет!
https://01exp.ru,Как заказать судебную экспертизу?
https://01ga.ru,Блог мой -=^_^=-
https://01mchs.ru," 
                        МЦИТО ""Центр-01"""
https://01mchs.ru,"

                            МЦИТО ""Центр-01""                            
"
https://01credithelp.ru,ÐÐ¾Ð¼ÐµÐ½ÑÐ°Ð»ÑÐ½ÑÐµ Ð·Ð°Ð¹Ð¼Ñ Ð¾Ð½Ð»Ð°Ð¹Ð½
https://0098.ru,Отпугиватель вредителей
https://01fin.ru,01 финансы: путеводитель по деньгам
https://01mail.ru,
https://01mail.ru,15000₽ за 1 м3 пиломатериала
https://01holod.ru,Ремонт Холодильников на дому
https://01mo.ru,Системы противопожарной защиты
https://01e.ru,
https://01etalon.ru,Добро пожаловать в Группу компаний Эталон
https://01ex.ru,Обеспечение пожарной безопасности в Туле и области
https://01gift.ru,Каталог товаров
https://01bankrot.ru,Ð¡Ð°Ð¹Ñ Ð²ÑÐµÐ¼ÐµÐ½Ð½Ð¾ Ð½ÐµÐ´Ð¾ÑÑÑÐ¿ÐµÐ½
https://01pr.ru,"
Веб разработка
 Создание сайтов
 Разработка компонентов
 Автоматизация и интеграция
"
https://01group-kem.ru,ÐÐ¾Ð¶Ð°ÑÐ½Ð°Ñ Ð±ÐµÐ·Ð¾Ð¿Ð°ÑÐ½Ð¾ÑÑÑ ÐÐ°ÑÐ¸Ñ Ð¾Ð±ÑÐµÐºÑÐ¾Ð²
https://01eg.ru,"Сайт создан, но еще не запущен в работу"
https://01parts.ru,ÐÐ¾ÑÑÐ¸ Ð³Ð¾ÑÐ¾Ð²Ð¾!ÐÐ¾Ð¼ÐµÐ½  ÑÑÐ¿ÐµÑÐ½Ð¾ Ð¿ÑÐ¸Ð¿Ð°ÑÐºÐ¾Ð²Ð°Ð½ Ðº ÑÐ¾ÑÑÐ¸Ð½Ð³Ñ
https://01psk.ru,Пожарная  компания OOO «ПромСтройКомплектация»
https://01psk.ru,Пожарная компания OOO «ПромСтройКомплектация»
https://01ops.ru,"01OPS.RU
"
https://01math.ru,"
01Математика  –  обучающая онлайн-система по математике"
https://01doctor-frost.ru,"Ремонт холодильников в Москве и Московской области, адреса и проверенный сайт"
https://01mm.ru,"
                                                                
                                                                                                                                                                                    
                                                                                                                              СВАРОЧНО-МОНТАЖНЫЕ 3D СТОЛЫ  ОТ ООО ""ЗАВОД 54 СОТКИ""                                                                                                                        
                                                                                                                            "
https://01profire.ru,Пожарное оборудование
https://01ptm.ru,
https://0202webstore.ru,Index of /
https://01rus.ru,Тарифы «Да будет скорость» теперь и для частных домов
https://026.ru,"
026.ru
"
https://01taxi.ru,Заказ такси
https://02-soctest.ru,404 Not Found
https://01sfera.ru,"
О компании
"
https://0225.ru,ГЛАВНЫЕ НОВОСТИ БОБРУЙСКА НА САЙТЕ 0225.RU СЕГОДНЯ
https://01rg.ru,Online Casino
https://028.ru,"
028.ru
"
https://01xbet.ru,1xBet — зеркало рабочее на сегодня
https://01region01.ru,Разделочные доски
https://026-karta.ru,ÐÐÐÐÐ¦ÐÐÐ¡ÐÐÐ¯ ÐÐÐ Ð¢Ð Ð ÐÐÐÐÐÐ Ð´Ð»Ñ Ð´ÐµÑÑÐºÐ¾Ð³Ð¾ ÑÐ°Ð´Ð° Ð¸ ÑÐºÐ¾Ð»Ñ Ð¤Ð¾ÑÐ¼Ð° 026/Ñ
https://01rf.ru,Противопожарное оборудование в Екатеринбурге
https://02205pto.ru,Пункт технического осмотра автомобилей в Нижнем Новгороде
https://02205pto.ru,Стоимость
https://02205pto.ru,Как проехать
https://0220.ru,Услуги электрика в Москве и Подмосковье
https://01st.ru,ЛИТЬЕВОЙ МРАМОР И ИСКУССТВЕННЫЙ КАМЕНЬ 
https://01zerkalo.ru,01zerkalo.ru
https://0256.ru,Welcome to nginx!
https://029.ru,"
029.ru
"
https://01tso.ru,"
      О компании

    "
https://026stb.ru,Купить сантехнику в Пятигорске
https://0270.ru,ÐÐ¾Ð¼ÐµÐ½ 0270.RU Ð¿ÑÐ¾Ð´Ð°ÑÑÑÑ!
https://01rm.ru,Современный маркетинг в цифровом формате
https://01sp.ru,01sp.ru
https://0204.ru,"Хотите купить квартиру в Москве или Подмосковье?
﻿

Оставить заявку 
"
https://01oge.ru,Основной государственный экзамен
https://01tut.ru,О компании
https://02evakuator.ru,Любая сложность эвакуации от 1000 рублей за смену
https://02dosaaf.ru,"

МО ДОСААФ России г.Белебей

"
https://02dosaaf.ru,"

МО ДОСААФ России г.Белебей

"
https://027.ru,"
027.ru
"
https://01sport.ru,Каталог товаров 01Sport
https://02soctest.ru,404 Not Found
https://02site.ru,Как проверить автомобиль перед покупкой на наличие штрафов
https://02h.ru,Все для дома
https://02h.ru,страницы
https://02h.ru,Все для дома
https://02sibond.ru,Блог о возможностях получения денег онлайн
https://02toyota.ru,Ведутся технические работы
https://02geo.ru,Центр инженерных изысканий в Уфе и РБ
https://02ip.ru,IP Logger URL Shortener - Log and Track IP Addresses
https://02np.ru,หนังโป๊
https://02np.ru,HD Porn Thai หนังโป๊ เว็บโป๊ที่คนดูเยอะที่สุดของไทย
https://02renault.ru,Ведутся технические работы
https://02viza.ru,"
Визовый центр ЕВРО-АЗИЯ в г. Уфа +79870221987
СРОЧНЫЕ ВИЗЫ, ОФОРМЛЕНИЕ ЗАГРАНПАСПОРТА, БИОМЕТРИЯ, ПАТЕНТЫ, ПРИГЛАШЕНИЯ ДЛЯ ИНОСТРАНЦЕВ
"
https://03-medic.ru,03-Medic.RU
https://02opt.ru,Вавада онлайн казино: регистрация и личный кабинет
https://03-ts.ru,Выбор города
https://03-okna.ru,Ремонт и обслуживание окон в Санкт-Петербурге
https://02taxi.ru, ÐÐ¾Ð¼ÑÐ¾ÑÑÐ½ÑÐµ Ð¿Ð¾ÐµÐ·Ð´ÐºÐ¸ Ð¸Ð· Ð£ÑÑ!
https://03-03-2023.ru,Сайт недоступен
https://03-help.ru,Платная скорая помощь в Москве и по всей России
https://02stroy.ru,"   Красота, здоровье женщины, уход за телом и лицом, мода и стиль"
https://02pro.ru,"Профессиональные услуги проектирования, экспертизы, обследований, изысканий"
https://03-smolensk.ru,"Станция скорой медицинской помощи,г. Смоленск"
https://03-avto.ru,"
                    
                    Экспертиза техники и оборудования"
https://02web.ru,Увеличиваем продажи через интернет
https://03-doctor.ru,"Быстро и профессионально выведем из запоя,
 снимем ломку
"
https://0306.ru,ÐÐ¾Ð¼ÐµÐ½ 0306.RU Ð¿ÑÐ¾Ð´Ð°ÑÑÑÑ!
https://02mbxe.ru,Натяжные потолки в Нижнем Новгороде
https://02okna.ru," 

Политика 24

"
https://02led.ru,"Заказать
  
"
https://03-60.ru,Ð¡Ð°Ð¹Ñ Ð² ÑÐ°Ð·ÑÐ°Ð±Ð¾ÑÐºÐµ
https://02kadastr.ru,"
Главная
"
https://03-ektb.ru,ÐÐ¾Ð±ÑÐ¾ Ð¿Ð¾Ð¶Ð°Ð»Ð¾Ð²Ð°ÑÑ Ð½Ð° ÑÐ°Ð¹Ñ Ð¾ Ð¼ÐµÐ´Ð¸ÑÐ¸Ð½Ðµ Ð¸ ÑÐºÐ¾ÑÐ¾Ð¹ Ð¿Ð¾Ð¼Ð¾ÑÐ¸ !
https://02zabor.ru,"Строительство всех видов заборов, ворот в Уфе"
https://02zabor.ru,и по Башкирии «под ключ». От производителя
https://02zabor.ru,на 10% дешевле рынка и с гарантией до 3 лет
https://02zabor.ru,.
https://02zabor.ru, 
https://02zabor.ru,Оставить заявку
https://02zabor.ru, 
https://02zabor.ru, 
https://0075947.ru,"

Организация и проведение мероприятий 
"
https://0075947.ru,Организация и проведение мероприятий
https://02urist.ru,Mindblown: a blog about philosophy.
https://03-remont.ru,Мелкий бытовой ремонт по доступной цене
https://02sip.ru,Главная
https://0325.ru,0325
https://03.ru,InternetСкорая помощьМедицинский портал
https://0323.ru,Регистрация
https://0323.ru,Вход
https://0323.ru,"
                            Онлайн-консультация
                        "
https://0323.ru,"
                                Онлайн-консультация
                            "
https://0323.ru,"
                            Пакеты консультаций
                        "
https://0323.ru,"
                                Пакеты консультаций
                            "
https://0323.ru,"
                            Запись на прием к врачу
                        "
https://0323.ru,"
                                Запись на прием к врачу
                            "
https://0323.ru,Пакеты подписок
https://0323.ru,Получить консультацию
https://035.ru,"
035.ru
"
https://02stroyexpertiza.ru,15 ВИДОВ ОБСЛЕДОВАНИЙ И ЭКСПЕРТИЗ 
https://02stroyexpertiza.ru,19 ЛЕТ НА РЫНКЕ 
https://02stroyexpertiza.ru,520 КРУПНЫХ ОБЪЕКТОВ
https://0328.ru,Интернет-магазин 0328.RU - покупай с выгодой!
https://039.ru,"
039.ru
"
https://0366.ru,ÐÐ¾Ð¼ÐµÐ½ 0366.RU Ð¿ÑÐ¾Ð´Ð°ÑÑÑÑ!
https://036-cargo.ru,036 cargo 
https://0347.ru,В корневой папке сайта нет индексного файла
https://03asbest.ru,"
                            Главная                        "
https://03bankrot.ru,ÐÐ°Ð½ÐºÑÐ¾ÑÑÑÐ²Ð¾ ÑÐ¸Ð·Ð¸ÑÐµÑÐºÐ¸Ñ Ð»Ð¸Ñ
https://03bankrot.ru,ÐÐ¤ÐÐ ÐÐÐ¢Ð¬ 
https://03bankrot.ru,ÐÐ¾ÑÐ¾Ð²Ñ Ðº Ð¶Ð¸Ð·Ð½Ð¸ Ð±ÐµÐ· Ð´Ð¾Ð»Ð³Ð¾Ð² Ð¸ ÐºÑÐµÐ´Ð¸ÑÐ¾Ð²?
https://03bankrot.ru,ÐÐ¤ÐÐ ÐÐÐ¢Ð¬ ÐÐÐÐÐ ÐÐ¢Ð¡Ð¢ÐÐ 
https://03bankrot.ru,ÐÐ¤ÐÐ ÐÐÐ¢Ð¬ 
https://03bankrot.ru,ÐÐ°ÑÐ¸ ÐºÐ¾Ð½ÑÐ°ÐºÑÑ
https://03dosug.ru,Эскорт Улан-Удэ
https://03computer.ru,"
ColorMag
"
https://0350.ru,"Вся информация на сайте носит исключительно справочный характер и не является публичной офертой (ст. 437 п.2 ГК РФ). Подробную информацию об услугах, точную цену и наличие, условия покупки уточняйте у менеджеров по телефону."
https://0370.ru,Медицинские направления клиник ЦСМ в Томске
https://03import.ru,Новые сайты БК на сегодня
https://03nov.ru,Главная
https://03ip.ru,Налоговая помощь ИП: «Платить меньше налогов – это просто»
https://03medhelp.ru,Услуги платной скорой помощи в Москве и Подмосковье
https://03lip.ru, О Центре скорой медицинской помощи и медицины катастроф Липецкой области	
https://03geo.ru,"Геодезические работы, геодезические услуги, геодезия:"
https://03ndfl.ru,ÐÐ°ÐºÐ°Ð·Ð°ÑÑ Ð¾ÑÐ¾ÑÐ¼Ð»ÐµÐ½Ð¸Ðµ Ð´ÐµÐºÐ»Ð°ÑÐ°ÑÐ¸Ð¸ 3-ÐÐÐ¤Ð Ð¾Ð½Ð»Ð°Ð¹Ð½ • 2023
https://03ndfl.ru,ÐÐ¾ÑÐ¾Ð²Ð°Ñ Ð´ÐµÐºÐ»Ð°ÑÐ°ÑÐ¸Ñ Ð¾Ñ 1 ÑÐ°ÑÐ° Ð´Ð¾ 1 ÑÑÑÐ¾Ðº
https://03ndfl.ru, ÐÐ´Ð¸Ð½Ð°Ñ ÑÐµÐ½Ð° Ð´Ð»Ñ Ð´ÐµÐºÐ»Ð°ÑÐ°ÑÐ¸Ð¸ 3-ÐÐÐ¤Ð - 500 ÑÑÐ±Ð»ÐµÐ¹
https://03ndfl.ru, ÐÐµÐºÐ»Ð°ÑÐ°ÑÐ¸Ñ Ñ Ð¾ÑÐ¿ÑÐ°Ð²ÐºÐ¾Ð¹ Ð² Ð½Ð°Ð»Ð¾Ð³Ð¾Ð²ÑÑ - 600 ÑÑÐ±Ð»ÐµÐ¹
https://0520003.ru,"Ð²ÑÑ Ð´Ð»Ñ ÑÐµÑÑÐ¾ÑÐ°Ð½Ð°, ÐºÐ°ÑÐµ,  ÑÑÐ¾Ð»Ð¾Ð²Ð¾Ð¹"
https://0520003.ru,ÐÐ°ÑÐ¸ ÑÑÐ»ÑÐ³Ð¸
https://0520003.ru,ÐÐ°ÑÐ¸ Ð¿Ð°ÑÑÐ½ÐµÑÑ
https://0520003.ru,ÐÐ°ÑÐ¸ ÐºÐ¾Ð½ÑÐ°ÐºÑÑ
https://0440.ru,ÐÐ¾Ð¼ÐµÐ½ 0440.RU Ð¿ÑÐ¾Ð´Ð°ÑÑÑÑ!
https://050424.ru,
https://05-is-mis.ru,05.is-mis.ru — Запись на прием к врачу
https://03smp09.ru,"

					Медицинский справочник
				
"
https://03vologda.ru,
https://03pcpro.ru,Честный компьютерный мастер
https://0487048.ru,"

            Технология Monster
          
"
https://03koleso.ru,"
        Закажите мобильный шиномонтаж от 500 рублей.
        Выездные бригады дежурят в каждом районе Москвы.
    "
https://03smp.ru,"Платная скорая помощь: вызов, перевозка больных"
https://055-tourist.ru,055 - Турист
https://052mm.ru,"Ïðîèçâîäñòâî êàáåëÿ ÊÑÂÏÂ, ÊÑÂÏÏ â ã. Òîëüÿòòè"
https://0377.ru,Аренда кабинетов и залов в Екатеринбурге
https://0377.ru,"
Аренда кабинетов и залов в Екатеринбурге"
https://03navicom.ru,Навиком
https://03navicom.ru,Navicom
https://03navicom.ru,Ремонт техники
https://03navicom.ru,Категории
https://03navicom.ru,Наши услуги
https://03navicom.ru,Наши товары
https://03navicom.ru,Наши новости
https://040676.ru,Gizma дневник.
https://0455.ru,Скупка антиквариата Красногвардейский район
https://03sochi.ru,ОПЕРАТИВНОСТЬ
https://03sochi.ru,ОПЫТНЫЙ ПЕРСОНАЛ
https://03sochi.ru,ВСЕ МЕДИКАМЕНТЫ
https://03sochi.ru,ДОСТУПНОСТЬ
https://03sochi.ru,ОБШИРНАЯ ГЕОГРАФИЯ
https://03sochi.ru,НАДЁЖНОСТЬ
https://050dtp.ru,Аварийный комиссар в Калининграде
https://050715.ru,Kirill & Marianna
https://050715.ru,Приглашение
https://050715.ru,Wedding
https://0343.ru,SumoWebTools
https://03p.ru,Уход за кожей
https://05321.ru,
https://05321.ru,ТЕХНИЧЕСКИЙ ЦЕНТР «ВОЛИН»
https://05321.ru,ТЕХНИЧЕСКИЙ ЦЕНТР «ВОЛИН»
https://03bux.ru,Ваш Бухгалтер ИК
https://03mrt.ru,Лечебно-диагностический центр имени Н.И.Пирогова
https://055mm.ru,"Поставка станковдля тонколистового металла
"
https://03portal.ru,Медицинские укладки 
https://056remont.ru,Ремонт квартир в Оренбурге
https://03me.ru,ÐÑÐ¸ÑÐ¸Ð°Ð»ÑÐ½ÑÐ¹ ÑÐµÑÐ²Ð¸ÑÐ½ÑÐ¹ ÑÐµÐ½ÑÑ 03me
https://04f.ru,Index of /
https://05101983.ru,Популярные товары
https://05101983.ru,"Акции, новинки и спецпредложения"
https://03site.ru,Техническая поддержка и ведение вашего сайта от 18 900 руб./мес.
https://03svirsk.ru,Больница г. Свирска
https://042.ru,"
042.ru
"
https://03chel.ru,Скорая медицинская помощь (ГАУЗ ССМП) г. Челябинск
https://03hit.ru,Разрабатываем уникальные интерактивные решения
https://0535653.ru,"
Перетяжка сидений и тюнинг салона автомобиля.
"
https://03nn.ru,Вызов скорой помощи
https://0402492429.ru,Авторские торты на заказ
https://03ufa.ru,"
Министерство здравоохранения Республики БашкортостанГосударственное бюджетное учреждение здравоохраненияРеспублики БашкортостанЦентр скорой медицинской помощи и  медицины катастроф	"
https://0500am.ru,Креативное агентство «Пять Утра»
https://047.ru,"
047.ru
"
https://03nvkz.ru,Главная
https://03nvkz.ru,Единый Call-центр
https://03nvkz.ru,8 (3842) 903-103
https://03nvkz.ru,Единый номер «горячей линии»
https://03nvkz.ru,88002012522
https://03nvkz.ru,"для обращений граждан Кемеровской области, прибывших из стран эпидемически неблагополучных по новой коронавирусной инфекции."
https://03fit.ru,О компании
https://03ri.ru,ÐÐ¾ÑÑÐ¸ Ð³Ð¾ÑÐ¾Ð²Ð¾!ÐÐ¾Ð¼ÐµÐ½  ÑÑÐ¿ÐµÑÐ½Ð¾ Ð¿ÑÐ¸Ð¿Ð°ÑÐºÐ¾Ð²Ð°Ð½ Ðº ÑÐ¾ÑÑÐ¸Ð½Ð³Ñ
https://048-design.ru,Ìû 
https://048-design.ru,Çàñòàâèì âàøè ïðîåêòû ðàáîòàòü
https://048-design.ru,Áèçíåñ ðàáîòàåò â «Áèòðèêñ24»
https://05advokat.ru," АдвокатЮридические услугиКонсультацииМахачкала, ул. Дахадаева, 6 "
https://05advokat.ru,        Бабаханов Ренат Раифович    
https://05advokat.ru,        Стоимость услуг адвоката в Махачкале    
https://05advokat.ru,        Отзывы о работе адвоката Бабаханов Р.Р.    
https://05advokat.ru,        Координаты для связи    
https://03evak.ru,Эвакуатор в Москве
https://060.ru,"
060.ru
"
https://05dep.ru,Марат Алияров
https://05reklama.ru,Услуги
https://05reklama.ru,О компании
https://05reklama.ru,"
	 "
https://04-test.ru,Магазин электротехнической продукции
https://05stone.ru,Дагестанский облицовочный камень
https://05stone.ru," Виды камней
"
https://05stone.ru," Примеры наших работ
"
https://000a.ru,Анекдоты на сайте 000a.ru все темы Записи
https://000a.ru,Боковая панель
https://04s.ru,
https://03shop.ru,404 Not Found
https://0588.ru,ÐÐ¾Ð¼ÐµÐ½ 0588.RU Ð¿ÑÐ¾Ð´Ð°ÑÑÑÑ!
https://059.ru,059.ru
https://0445.ru, Точные копии швейцарских часов высокого качества
https://0420.ru,ÐÐ¾Ð¼ÐµÐ½ 0420.RU Ð¿ÑÐ¾Ð´Ð°ÑÑÑÑ!
https://063kashtanka.ru,ÐÐ°ÑÐ° ÑÐ¾Ð±Ð°ÐºÐ° Ð±ÑÐ´ÐµÑ ÐºÐ°Ðº Ð½Ð¾Ð²ÐµÐ½ÑÐºÐ°Ñ
https://0586.ru,Выездной автоэлектрик в Москве
https://0560.ru,Ð¢ÐµÑÐ¿Ð¾Ð¼Ð¾ÑÑ Ð¸Â ÑÐ²Ð°ÐºÑÐ°ÑÐ¸Ñ
https://05info.ru," 

Новости Тюмени и Тюменской области

"
https://03y.ru, 
https://063remont.ru,"Ремонт квартир, который вам по душе"
https://063volga.ru,Взыскание дебиторскойзадолженности
https://03uro.ru,"
Бесплатная консультация уролога
"
https://05sat.ru,"


"
https://05sat.ru,"
	Home	"
https://05tour.ru,ЧТО ВАС ЖДЕТ В НАШИХ ТУРАХ?
https://05tour.ru,ВЫБЕРИТЕ СВОЙ ТУР
https://060389.ru,"
						Nextcloud					"
https://0665555.ru,"Лучший производитель облегчённых металлоконструкций на юге России


"
https://05gsm.ru,"

																																		Аппарат для склейки дисплейного модуля YMJ 13 + помпа двухступенчатая																																			
"
https://04altaytransfer.ru,"
О компании
"
https://05auto.ru,Установка ГБО в Махачкала
https://0696.ru,ÐÐ¾Ð¼ÐµÐ½ 0696.RU Ð¿ÑÐ¾Ð´Ð°ÑÑÑÑ!
https://0650.ru,Финансовый советник  и страховой агент  Дмитрий Зайцев
https://0725.ru,Услуги массажного салона из Анапы
https://06news.ru,"Мы ценим журналистику высокого уровня – расследования, репортажи, истории"
https://06f.ru,Тонир 06f
https://06f.ru,"Тонировка
машины"
https://06f.ru,У нас  тонировка дешево для Вас
https://06f.ru,Вам нужна скидка?
https://062.ru,СПРАВОЧНИК ОРГАНИЗАЦИЙ РЯЗАНИ
https://07-05.ru,Илья & Янина
https://0525wear.ru,Примеры работ 
https://0525wear.ru,Отзывы наших довольных клиентов
https://0525wear.ru,Связаться с нами
https://0708wedding.ru,Ð¯ÐÐ & ÐÐ Ð¢ÐÐareâ
https://0708wedding.ru,Ð Ð°ÑÐ¿Ð¸ÑÐ°Ð½Ð¸Ðµ Ð¼ÐµÑÐ¾Ð¿ÑÐ¸ÑÑÐ¸Ñ
https://077.ru,Новости Воронежа
https://06autopark.ru,"6-й Автобусный парк
ГУП ""Мосгортранс""
"
https://0757.ru,IT-Learn
https://07072014soel.ru,Общие Условия
https://0765.ru,Частный почтовый сервер
https://06fskn.ru,Index of /
https://0704clo.ru,0704clo
https://072vrn.ru,"Скорая медицинская помощь «072», выезд врачей на дом"
https://077web.ru,Клининговая компания в Москве
https://06region.ru,Публичная кадастровая карта России
https://07e.ru,Компрессоры для кондиционеров
https://0706.ru,"Не отчаивайтесь, мы с вами, просто сайт на реконструкции"
https://07kem.ru,ÐÑÐ¾Ð¼Ð¾ÐºÐ¾Ð´Ñ Ð¡ÑÐ°ÑÐ´Ð° ÐÐ°Ð·Ð¸Ð½Ð¾ - ÐÐ¾Ð½ÑÑ Ð´Ð¾ â½10500 + 130 ÑÑÐ¸ÑÐ¿Ð¸Ð½Ð¾Ð² Ð² Starda Casino
https://075l.ru,Онлайн-витрина 075l.ru
https://067its.ru,|
https://0799517dianacgm.ru,Nightscout
https://08-02-09umk.ru,"Ð¡ÐÐÐÐÐÐÐ ÐÐÐ¢ÐÐÐ¬Ð Ð®Ð Ð¬ÐÐÐÐ« 
ÐÐÐÐÐ£ ""Ð¡Ð°Ð¼Ð°ÑÑÐºÐ¸Ð¹ ÑÐµÑÐ½Ð¸ÐºÑÐ¼ Ð¿ÑÐ¾Ð¼ÑÑÐ»ÐµÐ½Ð½ÑÑ ÑÐµÑÐ½Ð¾Ð»Ð¾Ð³Ð¸Ð¹""
"
https://08-02-09umk.ru,"
ÐÐÐÐÐ£ ""Ð¡Ð°Ð¼Ð°ÑÑÐºÐ¸Ð¹ ÑÐµÑÐ½Ð¸ÐºÑÐ¼ Ð¿ÑÐ¾Ð¼ÑÑÐ»ÐµÐ½Ð½ÑÑ ÑÐµÑÐ½Ð¾Ð»Ð¾Ð³Ð¸Ð¹""
"
https://07portal.ru,"
                Ð¡Ð°Ð¹Ñ  Ð½Ðµ Ð¾Ð¿ÑÐ±Ð»Ð¸ÐºÐ¾Ð²Ð°Ð½
            "
https://07u.ru,Новости
https://0737.ru,0737.ru
https://07k.ru,ÐÐ¾ÑÑÐ¸ Ð³Ð¾ÑÐ¾Ð²Ð¾!ÐÐ¾Ð¼ÐµÐ½  ÑÑÐ¿ÐµÑÐ½Ð¾ Ð¿ÑÐ¸Ð¿Ð°ÑÐºÐ¾Ð²Ð°Ð½ Ðº ÑÐ¾ÑÑÐ¸Ð½Ð³Ñ
https://0762.ru,"
		Производство пластика "
https://0788.ru,ÐÐ¾Ð¼ÐµÐ½ 0788.RU Ð¿ÑÐ¾Ð´Ð°ÑÑÑÑ!
https://07tv.ru,Игровые автоматы демо играть бесплатно
https://07avto.ru,ÓÑËÓÃÈÀÂÒÎÑÅÐÂÈÑÀ
https://07avto.ru,ÐÅÌÎÍÒ ÄÂÈÃÀÒÅËß
https://07avto.ru,ÐÅÌÎÍÒ ÕÎÄÎÂÎÉ
https://07avto.ru,ÐÅÌÎÍÒ ÒÐÀÍÑÌÈÑÑÈÈ
https://07avto.ru,ÒÎÐÌÎÇÍÀß ÑÈÑÒÅÌÀ
https://07avto.ru,ÂÛÕËÎÏÍÀß ÑÈÑÒÅÌÀ
https://07avto.ru,ÒÅÕÎÁÑËÓÆÈÂÀÍÈÅ
https://07avto.ru,ÊÓÇÎÂÍÎÉ ÐÅÌÎÍÒ
https://07avto.ru,Íîâîñòè
https://07avto.ru,Óñëóãè àâòîñåðâèñà
https://07avto.ru,Ôîòîãàëåðåÿ
https://07avto.ru,Ãàðàæ íà ÷àñ
https://07avto.ru,Çàêàç÷èêè
https://07avto.ru,Êîíòàêòû
https://07avto.ru,Ïîñëåäíèå ðàáîòû:
https://07avto.ru,Íàøè íîâîñòè:
https://07avto.ru,Àâòîñåðâèñ â Ìûòèùàõ. Ðåìîíò àâòîìîáèëåé.
https://071mebel.ru,Oyun
https://07y.ru,"Извините, мы проводим некоторые работы на сайте"
https://0806.ru,Поддержка 1С
https://0806.ru,Комплектующие для ПК
https://0806.ru,Ремонт ПК
https://08122018.ru,E&B
https://08122018.ru,Ð£ Ð²Ð°Ñ Ð½ÐµÑ Ð¿Ð°ÑÐ¾Ð»Ñ :) Ð£Ð²Ñ :)
https://084vrn.ru,ХИТЫ ПРОДАЖ
https://0858.ru,Famous Last Words
https://081086.ru,ÐÐ¾ÑÑÐ¸ Ð³Ð¾ÑÐ¾Ð²Ð¾!ÐÐ¾Ð¼ÐµÐ½  ÑÑÐ¿ÐµÑÐ½Ð¾ Ð¿ÑÐ¸Ð¿Ð°ÑÐºÐ¾Ð²Ð°Ð½ Ðº ÑÐ¾ÑÑÐ¸Ð½Ð³Ñ
https://08.ru,Система безопасных Сделок-операций
https://0811.ru,We're under construction
https://0875.ru,Секс по телефону
https://0898.ru,ÐÐ¾Ð¼ÐµÐ½ 0898.RU Ð¿ÑÐ¾Ð´Ð°ÑÑÑÑ!
https://08a.ru,08a.ru
https://082020.ru,Все актуальные спецпредложения аптечной сети Фармленд
https://08h.ru,Сервер ONLINE
https://09-09-2023.ru,Ð£ÑÐ°! ÐÐ¾ÑÑÐ¸ Ð³Ð¾ÑÐ¾Ð²Ð¾ ð¥³
https://08k.ru,Штатные магнитолы и головные устройства на 1000 автомобилей в наличии
https://093.ru,"
093.ru
"
https://0908.ru,ÐÐ¾Ð¼ÐµÐ½ 0908.RU Ð¿ÑÐ¾Ð´Ð°ÑÑÑÑ!
https://0978.ru,Hello
https://098.ru,"
098.ru
"
https://0952468690.ru,Авторские торты на заказ в Покровске (Красноармейске)
https://09052020.ru,ТОП лучших покер румов 2023
https://095english.ru,"
					Ð Ð½Ð°Ñ				"
https://09svetlyachok.ru,(8782) 00-00-00
https://0bmw.ru,Авто Сервис BMW 
https://0b1101.ru,</> записки ведущего псевдопрограммиста
https://0bk.ru,Вам есть 18 лет? 
https://09photo.ru,"Приветствую! Меня зовут Амар, я фотограф в городе Черкесске"
https://0arimatch.ru,Топ 5 БК
https://0blog.ru,Ð¡ÑÐ°ÑÑÐ¸ Ð¾ ÐºÑÐ°ÑÐ¾ÑÐµ
https://09biz.ru,"Фотограф Черкесск - Ставрополь. Заказать сайт, услуги интернет-маркетинга"
https://0916video.ru,нативнойрекламы
https://0brazovanie.ru,ÐÐÐ Ð¡ÐÐÐÐÐ¢Ð¬ ÐÐ ÐÐÐ«ÐÐ¬ÐÐ«Ð ÐÐÐÐÐÐ¡ ÐÐ ÐÐÐ Ð¢ÐÐÐ Ð¡ÐÐÐ¥ ÐÐ ÐÐÐ ÐÐÐÐÐ¥ Ð¡ ÐÐÐ¥ÐÐÐÐ ÐÐ¢ 50 000 ÑÑÐ±. Ð ÐÐÐ¡Ð¯Ð¦
https://09kursk.ru,"

					Компьютерная грамотность
				
"
https://09kursk.ru,"

					Компьютерная грамотность
				
"
https://09kursk.ru,Добро пожаловать в ЦНТИ
https://0b1.ru,"
									Nextcloud								"
https://09it.ru,Компьютерная помощь
https://09reg.ru, 09reg.ru
https://09reg.ru, 09reg.ru
https://0ba.ru,Ремонтная компания «Проблем Нет» – ремонт квартиры за 30 дней
https://0bonusov7.ru,ÐÐ³ÑÐ¾Ð²ÑÐµ Ð±ÐµÐ·Ð´ÐµÐ¿Ð¾Ð·Ð¸ÑÐ½ÑÐµ Ð±Ð¾Ð½ÑÑÑ Ð² ÐºÐ°Ð·Ð¸Ð½Ð¾ ÑÑÐ¾ Ð¿Ð¾Ð´Ð°ÑÐ¾Ðº Ð´ÐµÐ½ÑÐ³Ð°Ð¼Ð¸ Ð·Ð° ÑÐµÐ³Ð¸ÑÑÑÐ°ÑÐ¸Ñ Ð±ÐµÑÐ¿Ð»Ð°ÑÐ½Ð¾ Ñ Ð±ÑÑÑÑÑÐ¼ Ð²ÑÐ²Ð¾Ð´Ð¾Ð¼ Ð½Ð° ÐºÐ°ÑÑÑ
https://0as.ru,Стоит ли покупать кроссовки Nike оптом
https://09eldonexpo.ru,"""ООО ЭльДонЭкспо"""
https://09eldonexpo.ru,"Добро пожаловать в ""ООО ЭльДонЭкспо"""
https://09eldonexpo.ru,8(804)7004022
https://0dolgovpozakonu.ru,"Сайт создан, но еще не запущен в работу"
https://0in.ru,"Ð¢Ð°ÐºÐ¸ Ð´Ð°, ÑÐ¸ÐºÐ°ÑÐ½ÑÐ¹ ÑÐ¼Ð¾Ñ - ÐµÐ²ÑÐµÐ¹ÑÐºÐ¸Ð¹ ÑÐ¼Ð¾Ñ"
https://0pi.ru,"Сервис коротких ссылок, защищенных записок, QR и NFC визиток, записей календаря"
https://0inup.ru,Топ 5 БК
https://0l5.ru,Войдите
https://0k4.ru,I'm 0k4.ru
https://0ib.ru,Toyota Camry
https://0ib.ru,Maintenance instruction
https://0karelia.ru,Гдз математика 5 класс дорофеев и шарыгин
https://0nk.ru,0nk.ru
https://0core.ru,1xbet казино (1xbet casino) – официальный сайт букмекера
https://0lik.ru,Дизайн и Графика - Все для Вашего творчества
https://0ksanadev.ru,My site
https://0mydev.ru,"
			Все о капусте –			от выращивания, до сортов и закваски
"
https://0doc.ru," 

Сайт о здоровье

"
https://0k59.ru,Ремонтируем окна в день вызова. Работаем с 8 до последней заявки.
https://0kino.ru,Смотреть лучшие фильмы онлайн на одном сайте.
https://0pl.ru,Блог Шаркова Ивана
https://0calc.ru,Научный калькулятор
https://0knakld.ru,ÐÐ»Ð°ÑÑÐ¸ÐºÐ¾Ð²ÑÐµ Ð¾ÐºÐ½Ð° Ð¿Ð¾ Ð½Ð¸Ð·ÐºÐ¸Ð¼ ÑÐµÐ½Ð°Ð¼ Ð² ÐÐ°Ð»Ð¸Ð½Ð¸Ð½Ð³ÑÐ°Ð´Ðµ
https://0ly.ru,Раскраски для детей скачать
https://0os.ru,"
                        Первый займ
                        без процентов!
"
https://0nphoto.ru,Юлия Яшина
https://0dd.ru,Ð£ÑÑÐ°Ð½Ð¾Ð²ÐºÐ° Ð¿ÑÐ¾Ð³ÑÐ°Ð¼Ð¼:
https://0dd.ru,ÐÐµÑÐµÑÑÑÐ°Ð½Ð¾Ð²ÐºÐ° Windows:
https://0dd.ru,ÐÐ¾Ð¼Ð¿ÑÑÑÐµÑÐ½ÑÐ¹ ÑÐµÑÐ²Ð¸Ñ
https://0mfo.ru,"Кредиты онлайн
                        до 500 000 ₽
"
https://0kredit.ru,"Кредиты онлайн
                        до 500 000 ₽
"
https://0mkz.ru,"Кредиты онлайн
                        до 500 000 ₽
"
https://0dev.ru,Переехал на новый хостинг
https://0ntlifebl0g.ru,"ONT LIFE 


"
https://0din.ru,Ð Ð½Ð°Ñ 
https://0din.ru,ÐÐ°Ñ ÑÐ¾Ð²Ð°Ñ
https://0din.ru,ÐÑÐ·ÑÐ²Ñ
https://0din.ru,ÐÑÐ¿Ð¸ÑÑ
https://0din.ru,ÐÐ¾Ð½ÑÐ°ÐºÑÑ
https://0oplata.ru,"
Первый займ бесплатно!
"
https://0oplata.ru,"
Первый займ бесплатно!
"
https://0fs.ru, STATUS: OK!
https://0lga-kulekina.ru,ÐÐÐ¬ÐÐ ÐÐ£ÐÐÐÐÐÐ
https://0lga-kulekina.ru,Ð ÑÐ¼-ÑÑÑÑ
https://0chans.ru,"
Психология и психиатрия
"
https://0gomovie.ru,0gomovie.ru
https://0hc.ru,0hc.ru
https://0livas.ru,Семейное кафе Олива’S Запорожская
https://0fx.ru,Мега проверялка бана РКН от VER†IGO
https://0dolgov.ru,Landing 
https://0dolgov.ru,Video Background
https://0dolgov.ru,Slider Background
https://0lj.ru,Снова первоапрельное
https://0lj.ru,Яндекс
https://0lj.ru,
https://0lj.ru,Про Курилы
https://0lj.ru,Уменьшаем время автосохранения постов в WordPress
https://0lj.ru,
https://0lj.ru,Словоед: ТЕРМЕНВОКС
https://0lj.ru,ТЕРМЕНВОКС
https://0lj.ru,
https://0lj.ru,Речь Путина
https://0lj.ru,Как это было давно
https://0lj.ru,Ох уж эти СЕОшники
https://0calories.ru,"
				Вкуснейшие низкокалорийные десерты без сахара
			"
https://0m0.ru,"😎 0M0.RU /10:48, 30.09.2023/"
https://0oolbet.ru,Топ 5 БК
https://0n1.ru,"ÐÐ¾Ð¼Ð¿ÑÑÑÐµÑÐ½ÑÐ¹ ÑÐµÑÐ²Ð¸Ñ ÑÐµÐ½ÑÑ ""ÐÐµÐ´Ñ-Ð"""
https://0n1.ru,"ÐÐ¾Ð¼Ð¿ÑÑÑÐµÑÐ½ÑÐ¹ ÑÐµÑÐ²Ð¸Ñ ÑÐµÐ½ÑÑ ""ÐÐµÐ´Ñ-Ð""."
https://0n1.ru,"        ÐÐ°Ñ Ð»ÑÐ±Ð¸Ð¼ÑÐ¹  ÐºÐ¾Ð¼Ð¿ÑÑÑÐµÑ Ð¸Ð»Ð¸ Ð½Ð¾ÑÑÐ±ÑÐº Ð½Ðµ ÑÐ°Ð±Ð¾ÑÐ°ÐµÑ Ð¸Ð»Ð¸ ÑÑÐ°Ð» ÑÐ¾ÑÐ¼Ð¾Ð·Ð¸Ñ, Ð·Ð°Ð»Ð¸Ð»Ð¸ ÐºÐ¾ÑÐµ Ð½Ð° ÐºÐ»Ð°Ð²Ð¸Ð°ÑÑÑÑ Ð¸ ÑÑÐµÐ±ÑÐµÑ ÑÐµÐ¼Ð¾Ð½ÑÐ°. ÐÐµ Ð¿ÑÐ¾Ð±Ð»ÐµÐ¼Ð° Ð½Ð°Ñ ÐºÐ¾Ð¼Ð¿ÑÑÑÐµÑÐ½ÑÐ¹ ÑÐµÑÐ²Ð¸Ñ ÑÐµÐ½ÑÑ ""ÐÐµÐ´Ñ-Ð"" Ð¿Ð¾Ð¼Ð¾Ð¶ÐµÑ Ð²Ð°Ð¼ Ñ ÑÑÐ¾Ð¹ Ð¸ Ð´ÑÑÐ³Ð¾Ð¹ Ð¿ÑÐ¾Ð±Ð»ÐµÐ¼Ð¾Ð¹ Ð½Ð° Ð¿ÑÐ¾ÑÐµÑÑÐ¸Ð¾Ð½Ð°Ð»ÑÐ½Ð¾Ð¼ ÑÑÐ¾Ð²Ð½Ðµ Ð² ÐÐ¾ÑÐºÐ²Ðµ Ð¸ ÐÐ¾ÑÐºÐ¾Ð²ÑÐºÐ¾Ð¹ Ð¾Ð±Ð»Ð°ÑÑÐ¸ Ð¿Ð¾ Ð´Ð¾ÑÑÑÐ¿Ð½ÑÐ¼ ÑÐµÐ½Ð°Ð¼."
https://0kmspb.ru,"
                            Нулевой километр                        "
https://0pera.ru,Ð ÐµÐ¼Ð¾Ð½Ñ ÐºÐ¾Ð¼Ð¿ÑÑÑÐµÑÐ¾Ð²
https://0pera.ru,"( ÑÐµÐ¼Ð¾Ð½Ñ ÐºÐ¾Ð¼Ð¿ÑÑÑÐµÑÐ¾Ð² Ð² ÐÐ¾ÑÐºÐ²Ðµ, Ð½Ð°ÑÑÑÐ¾Ð¹ÐºÐ° ÐºÐ¾Ð¼Ð¿ÑÑÑÐµÑÐ° ÐÐ¾ÑÐºÐ²Ð°)"
https://0pera.ru,Ð§Ð¸ÑÑÐºÐ° Ð½Ð¾ÑÑÐ±ÑÐºÐ°
https://0pera.ru,ÐÐ°Ð¼ÐµÐ½Ð° ÑÐ°Ð·ÑÐµÐ¼Ð°
https://0pera.ru,ÐÐ°Ð¼ÐµÐ½Ð° Ð°ÐºÐºÑÐ¼ÑÐ»ÑÑÐ¾ÑÐ°
https://0pera.ru,ÐÐ¾ÑÑÑÐ°Ð½Ð¾Ð²Ð»ÐµÐ½Ð¸Ðµ Ð´Ð°Ð½Ð½ÑÑ
https://0pera.ru,ÐÐ¾Ð¼Ð¿ÑÑÑÐµÑÐ½Ð°Ñ Ð¿Ð¾Ð¼Ð¾ÑÑ
https://0pera.ru,ÐÐ°Ð¼ÐµÐ½Ð° ÐºÑÐ»ÐµÑÐ°
https://0pera.ru, ÐÐ¾ÑÑÑÐ°Ð½Ð¾Ð²Ð»ÐµÐ½Ð¸Ðµ ÑÐ´Ð°Ð»ÐµÐ½Ð½ÑÑ ÑÐ°Ð¹Ð»Ð¾Ð²
https://0pera.ru,ÐÐ¾Ð´ÐµÑÐ½Ð¸Ð·Ð°ÑÐ¸Ñ ÑÐ¸ÑÑÐµÐ¼Ñ
https://0pera.ru,ÐÐ¾Ð´ÐºÐ»ÑÑÐµÐ½Ð¸Ðµ Ð¿ÑÐ¸Ð½ÑÐµÑÐ°
https://0pera.ru,Ð ÐµÐ¼Ð¾Ð½Ñ Ð¼Ð¾Ð½Ð¾Ð±Ð»Ð¾ÐºÐ¾Ð²
https://0pera.ru,ÐÐ°ÑÑÑÐ¾Ð¹ÐºÐ° ÑÐ¾ÑÑÐµÑÐ°
https://0pera.ru, Ð ÐµÐ¼Ð¾Ð½Ñ Ð½Ð¾ÑÑÐ±ÑÐºÐ¾Ð²
https://0pera.ru, Ð ÐµÐ¼Ð¾Ð½Ñ Ð½ÐµÑÐ±ÑÐºÐ¾Ð²
https://0pera.ru,Ð£Ð´Ð°Ð»ÐµÐ½Ð¸Ðµ Ð²Ð¸ÑÑÑÐ¾Ð²
https://0pera.ru,Ð ÐµÐ¼Ð¾Ð½Ñ ÐºÐ¾Ð¼Ð¿ÑÑÑÐµÑÐ¾Ð²
https://0pera.ru,ÐÐ°ÑÑÑÐ¾Ð¹ÐºÐ° Ð¸Ð½ÑÐµÑÐ½ÐµÑÐ°
https://0pera.ru,Ð£ÑÑÐ°Ð½Ð¾Ð²ÐºÐ° Ð¿ÑÐ¾Ð³ÑÐ°Ð¼Ð¼
https://0pera.ru,Ð ÐµÐ¼Ð¾Ð½Ñ Ð·Ð°Ð»Ð¸ÑÐ¾Ð³Ð¾ Ð½Ð¾ÑÑÐ±ÑÐºÐ°
https://0pera.ru,Ð ÐµÐ¼Ð¾Ð½Ñ ÐÐ»Ð°Ð½ÑÐµÑÐ¾Ð²
https://0pera.ru,ÐÐ°Ð¼ÐµÐ½Ð° ÑÐºÑÐ°Ð½Ð°
https://0pera.ru,ÐÐ°Ð¼ÐµÐ½Ð° ÑÐ°Ð·ÑÐµÐ¼Ð° Ð¿Ð¸ÑÐ°Ð½Ð¸Ñ
https://0pera.ru,ÐÐ°ÑÑÑÐ¾Ð¹ÐºÐ° Wifi
https://0pera.ru, Ð ÐµÐ¼Ð¾Ð½Ñ ÑÑÐ°Ð½ÑÑÐ¾ÑÐ¼ÐµÑÐ°
https://0pera.ru,Ð£ÑÑÐ°Ð½Ð¾Ð²ÐºÐ° Windows
https://0film.ru,Онлайн-кинотеатр 0Film.ru - бесплатный просмотр новых фильмов в хорошем качестве
https://0film.ru,"Смотреть фильмы онлайн в хорошем HD 720p качестве, Скачать новые фильмы бесплатно через торрент на 0Film.ru"
https://0gomovies.ru,0gomovies.ru
https://0k1.ru,ÑÐ¾ÐºÑÐ°ÑÐ¸ Ð¼Ð½Ðµ ÑÑÑÐ»ÐºÑ
https://0ij0.ru,Домен 0IJ0.RU продается
https://0mariel.ru,Игры и софт на дисках
https://0mariel.ru,Menu
https://0mariel.ru,Пульт ДУ PlayStation Media Remote PlayStation 5 (ps719863625)
https://0mariel.ru,Беспроводная гарнитура Pulse 3D для Sony Playstation 5 Grey Camo
https://0mariel.ru,Геймпад Sony PlayStation Dualsense for PS5 Grey Cammo (CFI-ZCT1W)
https://0mariel.ru,Геймпад Microsoft Xbox Wireless Controller Opi Orange Special Edition (QAU-00118)
https://0mariel.ru,Геймпад Microsoft Xbox Wireless Controller синий (QAU-00009)
https://0mariel.ru,Игровые наушники A4Tech Bloody G220 черный USB
https://0mariel.ru,Игровые беспроводные наушники с микрофоном SteelSeries Arctis 9
https://0mariel.ru,Игровые беспроводные наушники с микрофоном Arctis Nova Gaming Headset 7 Black
https://0mariel.ru,Игровое кресло Thermaltake CyberChair ARGENT E700 из натуральной кожи. Дизайн от студии F. A. Porsche (GGC-ARG-BBLFDL-01 )
https://0mariel.ru,Игровое кресло Thermaltake CyberChair ARGENT E700 из натуральной кожи. Дизайн от студии F. A. Porsche (GGC-ARG-BOLFDL-01)
https://0mariel.ru,Игровое кресло Thermaltake X-Comfort Black Gaming Chair (GGC-XCS-BBLFDL-TW)
https://0mariel.ru,Игровое кресло Thermaltake CyberChair ARGENT E700 из натуральной кожи. Дизайн от студии F. A. Porsche (GGC-ARG-BYLFDL-01)
https://0mariel.ru,Игровое кресло Thermaltake CyberChair ARGENT E700 из натуральной кожи. Дизайн от студии F. A. Porsche (GGC-ARG-BSLFDL-01)
https://0mariel.ru,Игровые наушники с микрофоном Thermaltake Shock XT Stereo Gaming Headset (GHT-SHX-ANECBK-35)
https://0mariel.ru,Игровые наушники с микрофоном Thermaltake Shock XT 7.1 Gaming Headset (GHT-SHX-DIECBK-36)
https://0mariel.ru,Игровое кресло Thermaltake U Fit Black-Red Gaming Chair (GGC-UFT-BRMWDS-01)
https://0mariel.ru,Информация
https://0mariel.ru,Разделы
https://0mariel.ru,Обновления
https://0mariel.ru,Поиск
https://0mariel.ru,Статистика
https://0oq.ru,"



"
https://0oq.ru,ÐÐ·ÑÑÐµÐ½Ð¸Ðµ Ð¼Ð°ÑÐµÐ¼Ð°ÑÐ¸ÐºÐ¸ Ð¾Ð½Ð»Ð°Ð¹Ð½.
https://0lt.ru,Женский информационный сайт обо всем
https://0mf.ru,"Кредиты онлайн
                        до 500 000 ₽
"
https://0mydev3.ru,COPY
https://0k0k.ru,Изучай иностранные языки вместе с Haben
https://0k5.ru,"

					0k5
				
"
https://0in-up.ru,Топ 5 БК
https://0kna-kld.ru,ÐÐ»Ð°ÑÑÐ¸ÐºÐ¾Ð²ÑÐµ Ð¾ÐºÐ½Ð° Ð¿Ð¾ Ð½Ð¸Ð·ÐºÐ¸Ð¼ ÑÐµÐ½Ð°Ð¼ Ð² ÐÐ°Ð»Ð¸Ð½Ð¸Ð½Ð³ÑÐ°Ð´Ðµ
https://0leyniks.ru,ÐÐ°ÐºÐ°Ð· Ð²ÑÑÑÑÐ¿Ð»ÐµÐ½Ð¸Ð¹ Ð³ÑÑÐ¿Ð¿Ñ ÐÐ£Ð Ð
https://0nce.ru,ZOMG Teh Drama
https://0cloud.ru,0cloud.ru
https://0dte.ru,Что такое 0dte?
https://0mail.ru,Персональный астрологический прогноз на все сферы жизни
https://0gr.ru,"
Мир астрологии
"
